{
   "id": "titan-vttrpg-compendium",
   "title": "TITAN VTTRPG Compendium",
   "description": "A collection of content for the TITAN VTTRPG.",
   "version": "1.0.0",
   "authors": [
      {
         "name": "Solidor",
         "url": "https://github.com/Solidor777",
         "flags": {}
      }
   ],
   "compatibility": {
      "minimum": "11.313",
      "verified": "11.313",
      "maximum": "11"
   },
   "packs": [
      {
         "label": "Abilities",
         "type": "Item",
         "name": "abilities",
         "path": "packs/abilities",
         "system": "titan"
      },
      {
         "label": "Armor and Shields",
         "type": "Item",
         "name": "armor-and-shields",
         "path": "packs/armor-and-shields",
         "system": "titan"
      },
      {
         "label": "Effects",
         "type": "Item",
         "name": "effects",
         "path": "packs/effects",
         "system": "titan"
      },
      {
         "label": "Rules",
         "type": "JournalEntry",
         "name": "rules",
         "path": "packs/rules",
         "system": "titan"
      },
      {
         "label": "Sacred Arts",
         "type": "Item",
         "name": "sacred-arts",
         "path": "packs/sacred-arts",
         "system": "titan"
      },
      {
         "label": "Summons",
         "type": "Actor",
         "name": "summons",
         "path": "packs/summons",
         "system": "titan"
      },
      {
         "label": "Urderic Items",
         "type": "Item",
         "name": "urderic-items",
         "path": "packs/urderic-items",
         "system": "titan"
      },
      {
         "label": "Spells",
         "type": "Item",
         "name": "spells",
         "path": "packs/spells",
         "system": "titan"
      },
      {
         "label": "Weapons",
         "type": "Item",
         "name": "weapons",
         "path": "packs/weapons",
         "system": "titan"
      }
   ],
   "manifest": "https://github.com/Solidor777/titan-vttrpg-compendium/releases/download/latest/module.json",
   "download": "https://github.com/Solidor777/titan-vttrpg-compendium/releases/download/latest/titan-vttrpg-compendium.zip"
}